{
	"format_version": "1.21.11",
	"credit": "Made with Blockbench",
	"texture_size": [64, 64],
	"textures": {
		"0": "pvz:item/bucket",
		"particle": "pvz:item/bucket"
	},
	"elements": [
		{
			"from": [7, 5, 14],
			"to": [11, 9, 15],
			"rotation": {"angle": 17.5, "axis": "z", "origin": [1, 5, 11]},
			"faces": {
				"north": {"uv": [2.5, 5.5, 3.5, 6.5], "texture": "#0"},
				"east": {"uv": [6.25, 9.5, 6.5, 10.5], "texture": "#0"},
				"south": {"uv": [3.5, 5.5, 4.5, 6.5], "texture": "#0"},
				"west": {"uv": [8.75, 9.5, 9, 10.5], "texture": "#0"},
				"up": {"uv": [7, 3.5, 6, 3.25], "texture": "#0"},
				"down": {"uv": [6.5, 7, 5.5, 7.25], "texture": "#0"}
			}
		},
		{
			"from": [11, -8, 15],
			"to": [13, 5, 16],
			"rotation": {"angle": 45, "axis": "z", "origin": [4, 2, 12]},
			"faces": {
				"north": {"uv": [4.5, 7.75, 5, 11], "texture": "#0"},
				"east": {"uv": [6.75, 8.75, 7, 12], "texture": "#0"},
				"south": {"uv": [0, 8, 0.5, 11.25], "texture": "#0"},
				"west": {"uv": [7, 8.75, 7.25, 12], "texture": "#0"},
				"up": {"uv": [7, 7.25, 6.5, 7], "texture": "#0"},
				"down": {"uv": [7, 7.25, 6.5, 7.5], "texture": "#0"}
			}
		},
		{
			"from": [11, -8, 0],
			"to": [13, 5, 1],
			"rotation": {"angle": 45, "axis": "z", "origin": [4, 2, -3]},
			"faces": {
				"north": {"uv": [0.5, 8, 1, 11.25], "texture": "#0"},
				"east": {"uv": [7.25, 8.75, 7.5, 12], "texture": "#0"},
				"south": {"uv": [1, 8, 1.5, 11.25], "texture": "#0"},
				"west": {"uv": [7.5, 8.75, 7.75, 12], "texture": "#0"},
				"up": {"uv": [2, 8.25, 1.5, 8], "texture": "#0"},
				"down": {"uv": [2, 8.25, 1.5, 8.5], "texture": "#0"}
			}
		},
		{
			"from": [11, -8, 1],
			"to": [13, -7, 15],
			"rotation": {"angle": 45, "axis": "z", "origin": [4, 2, -3]},
			"faces": {
				"north": {"uv": [9.5, 3.75, 10, 4], "texture": "#0"},
				"east": {"uv": [8.5, 3, 12, 3.25], "texture": "#0"},
				"south": {"uv": [10, 3.75, 10.5, 4], "texture": "#0"},
				"west": {"uv": [6.5, 8.5, 10, 8.75], "texture": "#0"},
				"up": {"uv": [7.5, 7.5, 7, 4], "texture": "#0"},
				"down": {"uv": [5.5, 7, 5, 10.5], "texture": "#0"}
			}
		},
		{
			"from": [7, 5, 1],
			"to": [11, 9, 2],
			"rotation": {"angle": 17.5, "axis": "z", "origin": [1, 5, -2]},
			"faces": {
				"north": {"uv": [8.5, 1.5, 9.5, 2.5], "texture": "#0"},
				"east": {"uv": [9, 9.5, 9.25, 10.5], "texture": "#0"},
				"south": {"uv": [5.5, 8.5, 6.5, 9.5], "texture": "#0"},
				"west": {"uv": [9.25, 9.5, 9.5, 10.5], "texture": "#0"},
				"up": {"uv": [6.5, 7.5, 5.5, 7.25], "texture": "#0"},
				"down": {"uv": [10.5, 3.5, 9.5, 3.75], "texture": "#0"}
			}
		},
		{
			"from": [4, 16, 4],
			"to": [12, 18, 12],
			"rotation": {"angle": 0, "axis": "y", "origin": [3, 14, 1]},
			"faces": {
				"north": {"uv": [8.5, 1, 10.75, 1.5], "texture": "#0"},
				"east": {"uv": [2.5, 6.5, 4.5, 7], "texture": "#0"},
				"south": {"uv": [1.5, 8.5, 3.75, 9], "texture": "#0"},
				"west": {"uv": [8.5, 2.5, 10.5, 3], "texture": "#0"},
				"up": {"uv": [2.25, 5.5, 0, 3.5], "texture": "#0"},
				"down": {"uv": [4.5, 3.5, 2.25, 5.5], "texture": "#0"}
			}
		},
		{
			"from": [2, 6, 2],
			"to": [3, 13, 14],
			"rotation": {"angle": 0, "axis": "y", "origin": [2, 7, 1]},
			"faces": {
				"north": {"uv": [2.5, 9, 2.75, 10.75], "texture": "#0"},
				"east": {"uv": [0, 0, 3, 1.75], "texture": "#0"},
				"south": {"uv": [2.75, 9, 3, 10.75], "texture": "#0"},
				"west": {"uv": [0, 1.75, 3, 3.5], "texture": "#0"},
				"up": {"uv": [8, 11.75, 7.75, 8.75], "texture": "#0"},
				"down": {"uv": [8.25, 8.75, 8, 11.75], "texture": "#0"}
			}
		},
		{
			"from": [13, 6, 2],
			"to": [14, 13, 14],
			"rotation": {"angle": 0, "axis": "y", "origin": [-1, 7, 1]},
			"faces": {
				"north": {"uv": [3, 9, 3.25, 10.75], "texture": "#0"},
				"east": {"uv": [3, 0, 6, 1.75], "texture": "#0"},
				"south": {"uv": [3.25, 9, 3.5, 10.75], "texture": "#0"},
				"west": {"uv": [3, 1.75, 6, 3.5], "texture": "#0"},
				"up": {"uv": [8.5, 11.75, 8.25, 8.75], "texture": "#0"},
				"down": {"uv": [8.75, 8.75, 8.5, 11.75], "texture": "#0"}
			}
		},
		{
			"from": [3, 6, 2],
			"to": [13, 13, 3],
			"rotation": {"angle": 0, "axis": "y", "origin": [0, 7, 1]},
			"faces": {
				"north": {"uv": [4.5, 3.5, 7, 5.25], "texture": "#0"},
				"east": {"uv": [3.5, 9, 3.75, 10.75], "texture": "#0"},
				"south": {"uv": [4.5, 5.25, 7, 7], "texture": "#0"},
				"west": {"uv": [5.5, 9.5, 5.75, 11.25], "texture": "#0"},
				"up": {"uv": [11.5, 8, 9, 7.75], "texture": "#0"},
				"down": {"uv": [11.25, 9, 8.75, 9.25], "texture": "#0"}
			}
		},
		{
			"from": [3, 6, 13],
			"to": [13, 13, 14],
			"rotation": {"angle": 0, "axis": "y", "origin": [0, 7, 11]},
			"faces": {
				"north": {"uv": [0, 5.5, 2.5, 7.25], "texture": "#0"},
				"east": {"uv": [5.75, 9.5, 6, 11.25], "texture": "#0"},
				"south": {"uv": [6, 0, 8.5, 1.75], "texture": "#0"},
				"west": {"uv": [6, 9.5, 6.25, 11.25], "texture": "#0"},
				"up": {"uv": [11.25, 9.5, 8.75, 9.25], "texture": "#0"},
				"down": {"uv": [12, 1.5, 9.5, 1.75], "texture": "#0"}
			}
		},
		{
			"from": [1, 4, 1],
			"to": [2, 6, 15],
			"rotation": {"angle": 0, "axis": "y", "origin": [2, 4, 0]},
			"faces": {
				"north": {"uv": [2.25, 7.25, 2.5, 7.75], "texture": "#0"},
				"east": {"uv": [7.5, 4, 11, 4.5], "texture": "#0"},
				"south": {"uv": [2, 8, 2.25, 8.5], "texture": "#0"},
				"west": {"uv": [7.5, 4.5, 11, 5], "texture": "#0"},
				"up": {"uv": [4, 12, 3.75, 8.5], "texture": "#0"},
				"down": {"uv": [4.25, 8.5, 4, 12], "texture": "#0"}
			}
		},
		{
			"from": [14, 4, 1],
			"to": [15, 6, 15],
			"rotation": {"angle": 0, "axis": "y", "origin": [-1, 4, 0]},
			"faces": {
				"north": {"uv": [10.25, 6.25, 10.5, 6.75], "texture": "#0"},
				"east": {"uv": [7.5, 5, 11, 5.5], "texture": "#0"},
				"south": {"uv": [9.5, 10.25, 9.75, 10.75], "texture": "#0"},
				"west": {"uv": [5.5, 7.5, 9, 8], "texture": "#0"},
				"up": {"uv": [4.5, 12, 4.25, 8.5], "texture": "#0"},
				"down": {"uv": [6.75, 8.75, 6.5, 12.25], "texture": "#0"}
			}
		},
		{
			"from": [2, 4, 1],
			"to": [14, 6, 2],
			"rotation": {"angle": 0, "axis": "y", "origin": [0, 4, 2]},
			"faces": {
				"north": {"uv": [7.5, 7, 10.5, 7.5], "texture": "#0"},
				"east": {"uv": [10.25, 9.5, 10.5, 10], "texture": "#0"},
				"south": {"uv": [5.5, 8, 8.5, 8.5], "texture": "#0"},
				"west": {"uv": [9.75, 10.25, 10, 10.75], "texture": "#0"},
				"up": {"uv": [11.5, 8.25, 8.5, 8], "texture": "#0"},
				"down": {"uv": [11.5, 8.25, 8.5, 8.5], "texture": "#0"}
			}
		},
		{
			"from": [2, 4, 14],
			"to": [14, 6, 15],
			"rotation": {"angle": 0, "axis": "y", "origin": [0, 4, 11]},
			"faces": {
				"north": {"uv": [8.5, 0, 11.5, 0.5], "texture": "#0"},
				"east": {"uv": [10, 10.25, 10.25, 10.75], "texture": "#0"},
				"south": {"uv": [8.5, 0.5, 11.5, 1], "texture": "#0"},
				"west": {"uv": [10.25, 10, 10.5, 10.5], "texture": "#0"},
				"up": {"uv": [11.75, 9, 8.75, 8.75], "texture": "#0"},
				"down": {"uv": [12, 7.5, 9, 7.75], "texture": "#0"}
			}
		},
		{
			"from": [3, 13, 3],
			"to": [4, 16, 13],
			"rotation": {"angle": 0, "axis": "y", "origin": [3, 14, 1]},
			"faces": {
				"north": {"uv": [9.5, 9.5, 9.75, 10.25], "texture": "#0"},
				"east": {"uv": [6, 1.75, 8.5, 2.5], "texture": "#0"},
				"south": {"uv": [9.75, 5.5, 10, 6.25], "texture": "#0"},
				"west": {"uv": [6, 2.5, 8.5, 3.25], "texture": "#0"},
				"up": {"uv": [1.75, 11.5, 1.5, 9], "texture": "#0"},
				"down": {"uv": [2, 9, 1.75, 11.5], "texture": "#0"}
			}
		},
		{
			"from": [12, 13, 3],
			"to": [13, 16, 13],
			"rotation": {"angle": 0, "axis": "y", "origin": [-2, 14, 1]},
			"faces": {
				"north": {"uv": [9.75, 6.25, 10, 7], "texture": "#0"},
				"east": {"uv": [2.5, 7, 5, 7.75], "texture": "#0"},
				"south": {"uv": [9.75, 9.5, 10, 10.25], "texture": "#0"},
				"west": {"uv": [7, 3.25, 9.5, 4], "texture": "#0"},
				"up": {"uv": [2.25, 11.5, 2, 9], "texture": "#0"},
				"down": {"uv": [2.5, 9, 2.25, 11.5], "texture": "#0"}
			}
		},
		{
			"from": [4, 13, 3],
			"to": [12, 16, 4],
			"rotation": {"angle": 0, "axis": "y", "origin": [-1, 14, 2]},
			"faces": {
				"north": {"uv": [0, 7.25, 2.25, 8], "texture": "#0"},
				"east": {"uv": [10, 5.5, 10.25, 6.25], "texture": "#0"},
				"south": {"uv": [7.5, 5.5, 9.75, 6.25], "texture": "#0"},
				"west": {"uv": [10, 6.25, 10.25, 7], "texture": "#0"},
				"up": {"uv": [11.75, 2, 9.5, 1.75], "texture": "#0"},
				"down": {"uv": [11.75, 2, 9.5, 2.25], "texture": "#0"}
			}
		},
		{
			"from": [4, 13, 12],
			"to": [12, 16, 13],
			"rotation": {"angle": 0, "axis": "y", "origin": [-1, 14, 10]},
			"faces": {
				"north": {"uv": [7.5, 6.25, 9.75, 7], "texture": "#0"},
				"east": {"uv": [10, 9.5, 10.25, 10.25], "texture": "#0"},
				"south": {"uv": [2.25, 7.75, 4.5, 8.5], "texture": "#0"},
				"west": {"uv": [10.25, 5.5, 10.5, 6.25], "texture": "#0"},
				"up": {"uv": [11.75, 2.5, 9.5, 2.25], "texture": "#0"},
				"down": {"uv": [11.75, 3.25, 9.5, 3.5], "texture": "#0"}
			}
		}
	],
	"display": {
		"thirdperson_righthand": {
			"rotation": [-98, 118, -180],
			"translation": [0, 0, -2.5],
			"scale": [0.5, 0.5, 0.5]
		},
		"thirdperson_lefthand": {
			"rotation": [-98, -63, -180],
			"translation": [0, 0, -2.5],
			"scale": [0.5, 0.5, 0.5]
		},
		"firstperson_righthand": {
			"rotation": [0, -141, 0],
			"translation": [-1, 2.75, 0],
			"scale": [0.6, 0.6, 0.6]
		},
		"firstperson_lefthand": {
			"rotation": [0, 30, 0],
			"translation": [-1, 2.75, 0],
			"scale": [0.6, 0.6, 0.6]
		},
		"ground": {
			"translation": [0, 3.5, 0]
		},
		"gui": {
			"rotation": [0, -113, -15],
			"translation": [0, -0.75, 0],
			"scale": [0.7, 0.7, 0.7]
		},
		"head": {
			"rotation": [23, 110, -48],
			"translation": [-1.5, 7.75, -4.25],
			"scale": [0.9, 0.9, 0.9]
		},
		"fixed": {
			"rotation": [0, 90, 0],
			"translation": [0, -2.5, 0]
		},
		"on_shelf": {
			"rotation": [0, -90, 0],
			"scale": [0.8, 0.8, 0.8]
		}
	},
	"groups": [
		{
			"name": "handle",
			"origin": [8, 8, 8],
			"color": 0,
			"children": [0, 1, 2, 3, 4]
		},
		{
			"name": "bucket",
			"origin": [0, 0, 13],
			"color": 0,
			"children": [
				5,
				{
					"name": "ring",
					"origin": [0, 0, 13],
					"color": 0,
					"children": [6, 7, 8, 9]
				},
				{
					"name": "base",
					"origin": [0, 0, 13],
					"color": 0,
					"children": [10, 11, 12, 13]
				},
				{
					"name": "ring",
					"origin": [0, 0, 13],
					"color": 0,
					"children": [14, 15, 16, 17]
				}
			]
		}
	]
}