{
	"format_version": "1.21.11",
	"credit": "Made with Blockbench",
	"texture_size": [32, 32],
	"textures": {
		"0": "pvz:item/cherry_bomb",
		"particle": "pvz:item/cherry_bomb"
	},
	"elements": [
		{
			"name": "leaf",
			"from": [8.1, 9.9, 10.15],
			"to": [11.3, 10.45, 13.65],
			"rotation": {"x": -83.28524, "y": 62.19269, "z": -86.23139, "origin": [7.8, 9.9, 9.9]},
			"faces": {
				"north": {"uv": [11.5, 0.5, 13, 0.75], "texture": "#0"},
				"east": {"uv": [10.5, 10.5, 12.25, 10.75], "texture": "#0"},
				"south": {"uv": [11.5, 1, 13, 1.25], "texture": "#0"},
				"west": {"uv": [5.5, 11, 7.25, 11.25], "texture": "#0"},
				"up": {"uv": [1.5, 9.25, 0, 7.5], "texture": "#0"},
				"down": {"uv": [9, 0, 7.5, 1.75], "texture": "#0"}
			}
		},
		{
			"name": "leaf",
			"from": [4.85, 9.15, 10.9],
			"to": [7.05, 9.7, 13.65],
			"rotation": {"x": -83.28524, "y": 62.19269, "z": -68.73139, "origin": [4.55, 9.15, 9.9]},
			"faces": {
				"north": {"uv": [4.5, 11.5, 5.5, 11.75], "texture": "#0"},
				"east": {"uv": [11.5, 1.5, 13, 1.75], "texture": "#0"},
				"south": {"uv": [5.5, 11.5, 6.5, 11.75], "texture": "#0"},
				"west": {"uv": [11.5, 2, 13, 2.25], "texture": "#0"},
				"up": {"uv": [6, 10.5, 5, 9], "texture": "#0"},
				"down": {"uv": [1, 9.5, 0, 11], "texture": "#0"}
			}
		},
		{
			"name": "leaf",
			"from": [6.85, 9.15, 11.15],
			"to": [8.55, 9.7, 13.15],
			"rotation": {"x": 12.18921, "y": 48.37666, "z": 20.1457, "origin": [6.05, 9.15, 10.15]},
			"faces": {
				"north": {"uv": [11.5, 9, 12.25, 9.25], "texture": "#0"},
				"east": {"uv": [11.5, 6, 12.5, 6.25], "texture": "#0"},
				"south": {"uv": [9.5, 11.5, 10.25, 11.75], "texture": "#0"},
				"west": {"uv": [6.5, 11.5, 7.5, 11.75], "texture": "#0"},
				"up": {"uv": [11.25, 3, 10.5, 2], "texture": "#0"},
				"down": {"uv": [5.25, 10.5, 4.5, 11.5], "texture": "#0"}
			}
		},
		{
			"name": "stem",
			"from": [11.35, 4.9, 6.35],
			"to": [12.05, 12.1, 7.1],
			"rotation": {"x": 22.5, "y": -17.5, "z": 20, "origin": [10.3, 4.9, 3.1]},
			"faces": {
				"north": {"uv": [3.5, 10, 3.75, 13.5], "texture": "#0"},
				"east": {"uv": [7.5, 8.5, 8, 12], "texture": "#0"},
				"south": {"uv": [4, 10, 4.25, 13.5], "texture": "#0"},
				"west": {"uv": [8, 8.5, 8.5, 12], "texture": "#0"},
				"up": {"uv": [5.25, 12.5, 5, 12], "texture": "#0"},
				"down": {"uv": [12.25, 5, 12, 5.5], "texture": "#0"}
			}
		},
		{
			"name": "stem",
			"from": [6.6, 4.9, 6.15],
			"to": [7.05, 11.9, 6.65],
			"rotation": {"x": 22.5, "y": -17.5, "z": -40, "origin": [5.3, 4.9, 2.9]},
			"faces": {
				"north": {"uv": [1.5, 10, 1.75, 13.5], "texture": "#0"},
				"east": {"uv": [2, 10, 2.25, 13.5], "texture": "#0"},
				"south": {"uv": [2.5, 10, 2.75, 13.5], "texture": "#0"},
				"west": {"uv": [3, 10, 3.25, 13.5], "texture": "#0"},
				"up": {"uv": [6.25, 12.25, 6, 12], "texture": "#0"},
				"down": {"uv": [6.75, 12, 6.5, 12.25], "texture": "#0"}
			}
		},
		{
			"name": "eye",
			"from": [3.45, 3.8, 5.68],
			"to": [4.55, 4.3, 6.18],
			"rotation": {"x": -87.5, "y": 5, "z": -15, "origin": [1.15, 3.8, 5.57]},
			"faces": {
				"north": {"uv": [10.5, 11.5, 11, 11.75], "texture": "#0"},
				"east": {"uv": [5.5, 12, 5.75, 12.25], "texture": "#0"},
				"south": {"uv": [11, 11.5, 11.5, 11.75], "texture": "#0"},
				"west": {"uv": [12, 5.5, 12.25, 5.75], "texture": "#0"},
				"up": {"uv": [12, 11.75, 11.5, 11.5], "texture": "#0"},
				"down": {"uv": [0.5, 12, 0, 12.25], "texture": "#0"}
			}
		},
		{
			"name": "eye",
			"from": [5.65, 2.8, 4.95],
			"to": [6.7, 3.3, 5.9],
			"rotation": {"x": -75, "y": -5, "z": -2.5, "origin": [3.35, 2.8, 5.15]},
			"faces": {
				"north": {"uv": [0.5, 12, 1, 12.25], "texture": "#0"},
				"east": {"uv": [1, 12, 1.5, 12.25], "texture": "#0"},
				"south": {"uv": [12, 2.5, 12.5, 2.75], "texture": "#0"},
				"west": {"uv": [12, 3, 12.5, 3.25], "texture": "#0"},
				"up": {"uv": [9.5, 4.5, 9, 4], "texture": "#0"},
				"down": {"uv": [5, 10, 4.5, 10.5], "texture": "#0"}
			}
		},
		{
			"name": "cherry2",
			"from": [5.9, 4.2, 5.15],
			"to": [7.1, 5.3, 8.5],
			"rotation": {"x": 0, "y": -5, "z": -5, "origin": [3.8, 4.2, 4.9]},
			"faces": {
				"north": {"uv": [5.5, 10.5, 6, 11], "texture": "#0"},
				"east": {"uv": [8.5, 9.5, 10.25, 10], "texture": "#0"},
				"south": {"uv": [11.5, 2.5, 12, 3], "texture": "#0"},
				"west": {"uv": [9.5, 9, 11.25, 9.5], "texture": "#0"},
				"up": {"uv": [6.5, 10.75, 6, 9], "texture": "#0"},
				"down": {"uv": [1.5, 9.5, 1, 11.25], "texture": "#0"}
			}
		},
		{
			"name": "cherry2",
			"from": [3.9, 4.3, 5],
			"to": [5.6, 5.4, 8.25],
			"rotation": {"x": 0, "y": -5, "z": -5, "origin": [1.9, 4.3, 3.9]},
			"faces": {
				"north": {"uv": [0, 11, 0.75, 11.5], "texture": "#0"},
				"east": {"uv": [5, 4.5, 6.5, 5], "texture": "#0"},
				"south": {"uv": [8.5, 11, 9.25, 11.5], "texture": "#0"},
				"west": {"uv": [7.5, 2, 9, 2.5], "texture": "#0"},
				"up": {"uv": [10.25, 7.5, 9.5, 6], "texture": "#0"},
				"down": {"uv": [10.25, 7.5, 9.5, 9], "texture": "#0"}
			}
		},
		{
			"name": "cherry2",
			"from": [3, 0.5, 5],
			"to": [7, 4.5, 9],
			"rotation": {"x": 0, "y": -5, "z": -5, "origin": [5, 0.5, 5]},
			"faces": {
				"north": {"uv": [2.5, 5, 4.5, 7], "texture": "#0"},
				"east": {"uv": [5, 2.5, 7, 4.5], "texture": "#0"},
				"south": {"uv": [4.5, 5, 6.5, 7], "texture": "#0"},
				"west": {"uv": [6.5, 4.5, 8.5, 6.5], "texture": "#0"},
				"up": {"uv": [8.5, 8.5, 6.5, 6.5], "texture": "#0"},
				"down": {"uv": [4.5, 7, 2.5, 9], "texture": "#0"}
			}
		},
		{
			"name": "cherry2",
			"from": [3.55, 0.45, 5.15],
			"to": [6.7, 1.15, 8.25],
			"rotation": {"x": 0, "y": -5, "z": -5, "origin": [1.4, 0.45, 3.9]},
			"faces": {
				"north": {"uv": [9.5, 11, 11, 11.25], "texture": "#0"},
				"east": {"uv": [11, 11, 12.5, 11.25], "texture": "#0"},
				"south": {"uv": [0, 11.5, 1.5, 11.75], "texture": "#0"},
				"west": {"uv": [11.5, 0, 13, 0.25], "texture": "#0"},
				"up": {"uv": [10.5, 1.5, 9, 0], "texture": "#0"},
				"down": {"uv": [10.5, 1.5, 9, 3], "texture": "#0"}
			}
		},
		{
			"name": "eye",
			"from": [12.55, 2.3, 4.4],
			"to": [13.75, 2.8, 5.4],
			"rotation": {"x": -87.5, "y": -35, "z": 12.5, "origin": [10.25, 2.3, 4.15]},
			"faces": {
				"north": {"uv": [12, 3.5, 12.5, 3.75], "texture": "#0"},
				"east": {"uv": [12, 4, 12.5, 4.25], "texture": "#0"},
				"south": {"uv": [4.5, 12, 5, 12.25], "texture": "#0"},
				"west": {"uv": [12, 4.5, 12.5, 4.75], "texture": "#0"},
				"up": {"uv": [12, 3.5, 11.5, 3], "texture": "#0"},
				"down": {"uv": [12, 3.5, 11.5, 4], "texture": "#0"}
			}
		},
		{
			"name": "eye",
			"from": [9.4, 2.8, 4.95],
			"to": [10.95, 3.3, 6.4],
			"rotation": {"x": -75, "y": 5, "z": -2.5, "origin": [7.1, 2.8, 5.15]},
			"faces": {
				"north": {"uv": [11.5, 6.5, 12.25, 6.75], "texture": "#0"},
				"east": {"uv": [11.5, 7, 12.25, 7.25], "texture": "#0"},
				"south": {"uv": [11.5, 7.5, 12.25, 7.75], "texture": "#0"},
				"west": {"uv": [8.5, 11.5, 9.25, 11.75], "texture": "#0"},
				"up": {"uv": [11.25, 6.75, 10.5, 6], "texture": "#0"},
				"down": {"uv": [11.25, 7, 10.5, 7.75], "texture": "#0"}
			}
		},
		{
			"name": "cherry1",
			"from": [11.1, 4.9, 5.15],
			"to": [13.3, 6.2, 9.4],
			"rotation": {"x": 0, "y": -17.5, "z": 5, "origin": [9.8, 4.9, 4.9]},
			"faces": {
				"north": {"uv": [8.5, 10, 9.5, 10.75], "texture": "#0"},
				"east": {"uv": [2.5, 9, 4.75, 9.75], "texture": "#0"},
				"south": {"uv": [9.5, 10, 10.5, 10.75], "texture": "#0"},
				"west": {"uv": [9, 3, 11.25, 3.75], "texture": "#0"},
				"up": {"uv": [2.5, 9.75, 1.5, 7.5], "texture": "#0"},
				"down": {"uv": [9.5, 4.5, 8.5, 6.75], "texture": "#0"}
			}
		},
		{
			"name": "cherry1",
			"from": [9.1, 4.7, 4.4],
			"to": [10.9, 6, 8.65],
			"rotation": {"x": 0, "y": -17.5, "z": 5, "origin": [7.6, 4.7, 3.9]},
			"faces": {
				"north": {"uv": [10.5, 0, 11.5, 0.75], "texture": "#0"},
				"east": {"uv": [9.5, 4, 11.75, 4.75], "texture": "#0"},
				"south": {"uv": [10.5, 1, 11.5, 1.75], "texture": "#0"},
				"west": {"uv": [9.5, 5, 11.75, 5.75], "texture": "#0"},
				"up": {"uv": [7.5, 10.75, 6.5, 8.5], "texture": "#0"},
				"down": {"uv": [9.5, 7, 8.5, 9.25], "texture": "#0"}
			}
		},
		{
			"name": "cherry1",
			"from": [9, 0.5, 5],
			"to": [14, 5.5, 10],
			"rotation": {"x": 0, "y": -17.5, "z": 5, "origin": [11, 0.5, 5]},
			"faces": {
				"north": {"uv": [0, 0, 2.5, 2.5], "texture": "#0"},
				"east": {"uv": [0, 2.5, 2.5, 5], "texture": "#0"},
				"south": {"uv": [2.5, 0, 5, 2.5], "texture": "#0"},
				"west": {"uv": [2.5, 2.5, 5, 5], "texture": "#0"},
				"up": {"uv": [2.5, 7.5, 0, 5], "texture": "#0"},
				"down": {"uv": [7.5, 0, 5, 2.5], "texture": "#0"}
			}
		},
		{
			"name": "cherry1",
			"from": [9.75, -0.3, 4.65],
			"to": [13.8, 0.4, 8.65],
			"rotation": {"x": 0, "y": -17.5, "z": 5, "origin": [8.4, -0.3, 3.9]},
			"faces": {
				"north": {"uv": [10.5, 8, 12.5, 8.25], "texture": "#0"},
				"east": {"uv": [10.5, 8.5, 12.5, 8.75], "texture": "#0"},
				"south": {"uv": [10.5, 9.5, 12.5, 9.75], "texture": "#0"},
				"west": {"uv": [10.5, 10, 12.5, 10.25], "texture": "#0"},
				"up": {"uv": [9, 4.5, 7, 2.5], "texture": "#0"},
				"down": {"uv": [6.5, 7, 4.5, 9], "texture": "#0"}
			}
		}
	],
	"display": {
		"thirdperson_righthand": {
			"rotation": [62, 0, 0],
			"translation": [0, 1.5, 3]
		},
		"thirdperson_lefthand": {
			"rotation": [62, 0, 0],
			"translation": [0, 1.5, 3]
		},
		"firstperson_righthand": {
			"rotation": [0, 149, 0],
			"translation": [-1.25, 7, 0.5],
			"scale": [0.7, 0.7, 0.7]
		},
		"firstperson_lefthand": {
			"rotation": [0, 149, 0],
			"translation": [-1.25, 7, 0.5],
			"scale": [0.7, 0.7, 0.7]
		},
		"ground": {
			"translation": [0, 4.25, 0]
		},
		"gui": {
			"rotation": [12, 180, 0],
			"translation": [0, 2.5, 0]
		},
		"head": {
			"translation": [0, 14.25, 0]
		},
		"fixed": {
			"translation": [0, 3.25, 0]
		},
		"on_shelf": {
			"rotation": [0, -180, 0]
		}
	},
	"groups": [
		0,
		1,
		2,
		3,
		4,
		{
			"name": "cherries",
			"origin": [11, 0, 5],
			"color": 0,
			"children": [
				{
					"name": "cherry2",
					"origin": [5, 0, 5],
					"color": 0,
					"children": [5, 6, 7, 8, 9, 10]
				},
				{
					"name": "cherry1",
					"origin": [11, 0, 5],
					"color": 0,
					"children": [11, 12, 13, 14, 15, 16]
				}
			]
		}
	]
}