{
	"format_version": "1.21.11",
	"credit": "Made with Blockbench",
	"texture_size": [32, 32],
	"textures": {
		"0": "pvz:item/flag",
		"particle": "pvz:item/flag"
	},
	"elements": [
		{
			"from": [11, 0, 7],
			"to": [13, 11, 9],
			"rotation": {"angle": 0, "axis": "y", "origin": [11, 0, 7]},
			"faces": {
				"north": {"uv": [6, 0, 7, 5.5], "texture": "#0"},
				"east": {"uv": [6, 5.5, 7, 11], "texture": "#0"},
				"south": {"uv": [7, 0, 8, 5.5], "texture": "#0"},
				"west": {"uv": [7, 5.5, 8, 11], "texture": "#0"},
				"up": {"uv": [9, 8, 8, 7], "texture": "#0"},
				"down": {"uv": [9, 8, 8, 9], "texture": "#0"}
			}
		},
		{
			"from": [7, 11, 7],
			"to": [13, 19, 9],
			"rotation": {"angle": 0, "axis": "y", "origin": [11, 11, 7]},
			"faces": {
				"north": {"uv": [0, 0, 3, 4], "texture": "#0"},
				"east": {"uv": [0, 8, 1, 12], "texture": "#0"},
				"south": {"uv": [3, 0, 6, 4], "texture": "#0"},
				"west": {"uv": [8, 0, 9, 4], "texture": "#0"},
				"up": {"uv": [6, 9, 3, 8], "texture": "#0"},
				"down": {"uv": [11, 4, 8, 5], "texture": "#0"}
			}
		},
		{
			"from": [1, 10, 7],
			"to": [7, 18, 9],
			"rotation": {"angle": 0, "axis": "y", "origin": [5, 10, 7]},
			"faces": {
				"north": {"uv": [0, 4, 3, 8], "texture": "#0"},
				"east": {"uv": [1, 8, 2, 12], "texture": "#0"},
				"south": {"uv": [3, 4, 6, 8], "texture": "#0"},
				"west": {"uv": [2, 8, 3, 12], "texture": "#0"},
				"up": {"uv": [11, 6, 8, 5], "texture": "#0"},
				"down": {"uv": [11, 6, 8, 7], "texture": "#0"}
			}
		}
	],
	"display": {
		"thirdperson_righthand": {
			"rotation": [-5, 90, 0],
			"translation": [0, 2.75, 5]
		},
		"thirdperson_lefthand": {
			"rotation": [-5, 90, 0],
			"translation": [0, 2.75, -3]
		},
		"firstperson_righthand": {
			"rotation": [0, 120, 0]
		},
		"firstperson_lefthand": {
			"rotation": [0, 120, 0]
		},
		"ground": {
			"translation": [0, 3.75, 0]
		},
		"gui": {
			"rotation": [0, 180, 15],
			"translation": [-1, -2.75, 0],
			"scale": [0.9, 0.9, 0.9]
		},
		"head": {
			"rotation": [0, 0, 23],
			"translation": [-4, 8.25, 0]
		},
		"fixed": {
			"rotation": [0, 0, 15],
			"translation": [1, -2.5, 0]
		},
		"on_shelf": {
			"rotation": [0, -180, 15],
			"translation": [-1, 0, 0]
		}
	},
	"groups": [
		{
			"name": "flag",
			"origin": [5, 10, 7],
			"color": 0,
			"children": [0, 1, 2]
		}
	]
}