{
	"format_version": "1.21.11",
	"credit": "Made with Blockbench",
	"texture_size": [32, 32],
	"textures": {
		"0": "pvz:item/grave4",
		"particle": "pvz:item/grave4"
	},
	"elements": [
		{
			"from": [7.5, 11, 10],
			"to": [8.5, 14, 12],
			"rotation": {"angle": 0, "axis": "y", "origin": [6, 11, 8]},
			"faces": {
				"north": {"uv": [10, 3.5, 10.5, 5], "texture": "#0"},
				"east": {"uv": [5, 8.5, 6, 10], "texture": "#0"},
				"south": {"uv": [4.5, 10, 5, 11.5], "texture": "#0"},
				"west": {"uv": [6, 9.5, 7, 11], "texture": "#0"},
				"up": {"uv": [6, 7.5, 5.5, 6.5], "texture": "#0"},
				"down": {"uv": [10.5, 7, 10, 8], "texture": "#0"}
			}
		},
		{
			"from": [6.5, 12, 9.999],
			"to": [9.5, 13, 11.999],
			"rotation": {"angle": 0, "axis": "y", "origin": [5, 12, 8]},
			"faces": {
				"north": {"uv": [10, 5, 11.5, 5.5], "texture": "#0"},
				"east": {"uv": [8, 10, 9, 10.5], "texture": "#0"},
				"south": {"uv": [10, 5.5, 11.5, 6], "texture": "#0"},
				"west": {"uv": [9, 10, 10, 10.5], "texture": "#0"},
				"up": {"uv": [5.5, 7.5, 4, 6.5], "texture": "#0"},
				"down": {"uv": [5, 8.5, 3.5, 9.5], "texture": "#0"}
			}
		},
		{
			"from": [5.5, 10, 10],
			"to": [10.5, 11, 12],
			"rotation": {"angle": 0, "axis": "y", "origin": [3, 10, 8]},
			"faces": {
				"north": {"uv": [7, 9.5, 9.5, 10], "texture": "#0"},
				"east": {"uv": [5, 10, 6, 10.5], "texture": "#0"},
				"south": {"uv": [9.5, 8, 12, 8.5], "texture": "#0"},
				"west": {"uv": [7, 10, 8, 10.5], "texture": "#0"},
				"up": {"uv": [9.5, 9, 7, 8], "texture": "#0"},
				"down": {"uv": [3.5, 8.5, 1, 9.5], "texture": "#0"}
			}
		},
		{
			"from": [5, 3, 10],
			"to": [11, 10, 12],
			"rotation": {"angle": 0, "axis": "y", "origin": [2, 3, 8]},
			"faces": {
				"north": {"uv": [0, 0, 3, 3.5], "texture": "#0"},
				"east": {"uv": [6, 6, 7, 9.5], "texture": "#0"},
				"south": {"uv": [3, 0, 6, 3.5], "texture": "#0"},
				"west": {"uv": [0, 6.5, 1, 10], "texture": "#0"},
				"up": {"uv": [4, 7.5, 1, 6.5], "texture": "#0"},
				"down": {"uv": [10, 7, 7, 8], "texture": "#0"}
			}
		},
		{
			"from": [4, 2, 9],
			"to": [12, 3, 12],
			"rotation": {"angle": 0, "axis": "y", "origin": [2, 2, 8]},
			"faces": {
				"north": {"uv": [7, 9, 11, 9.5], "texture": "#0"},
				"east": {"uv": [9.5, 8.5, 11, 9], "texture": "#0"},
				"south": {"uv": [1, 9.5, 5, 10], "texture": "#0"},
				"west": {"uv": [9.5, 9.5, 11, 10], "texture": "#0"},
				"up": {"uv": [10, 4.5, 6, 3], "texture": "#0"},
				"down": {"uv": [10, 4.5, 6, 6], "texture": "#0"}
			}
		},
		{
			"from": [3, 1, 9],
			"to": [13, 2, 12],
			"rotation": {"angle": 0, "axis": "y", "origin": [2, 1, 8]},
			"faces": {
				"north": {"uv": [1, 7.5, 6, 8], "texture": "#0"},
				"east": {"uv": [0, 10, 1.5, 10.5], "texture": "#0"},
				"south": {"uv": [1, 8, 6, 8.5], "texture": "#0"},
				"west": {"uv": [1.5, 10, 3, 10.5], "texture": "#0"},
				"up": {"uv": [11, 1.5, 6, 0], "texture": "#0"},
				"down": {"uv": [11, 1.5, 6, 3], "texture": "#0"}
			}
		},
		{
			"from": [2, 0, 9],
			"to": [14, 1, 12],
			"rotation": {"angle": 0, "axis": "y", "origin": [2, 0, 8]},
			"faces": {
				"north": {"uv": [7, 6, 13, 6.5], "texture": "#0"},
				"east": {"uv": [3, 10, 4.5, 10.5], "texture": "#0"},
				"south": {"uv": [7, 6.5, 13, 7], "texture": "#0"},
				"west": {"uv": [10, 3, 11.5, 3.5], "texture": "#0"},
				"up": {"uv": [6, 5, 0, 3.5], "texture": "#0"},
				"down": {"uv": [6, 5, 0, 6.5], "texture": "#0"}
			}
		}
	],
	"display": {
		"thirdperson_righthand": {
			"rotation": [83, 0, -83],
			"translation": [-3.5, 2.5, 0]
		},
		"firstperson_righthand": {
			"rotation": [0, 135, 0],
			"translation": [0, 3.5, 0]
		},
		"firstperson_lefthand": {
			"rotation": [0, 135, 0],
			"translation": [0, 3.5, 0]
		},
		"ground": {
			"translation": [0, 4.75, 0]
		},
		"gui": {
			"rotation": [8, 159, 3],
			"translation": [-1, 1, 0]
		},
		"head": {
			"rotation": [90, 0, 0],
			"translation": [0, 10.5, 1.5]
		},
		"fixed": {
			"translation": [0, 0, -3]
		},
		"on_shelf": {
			"rotation": [0, 180, 0]
		}
	},
	"groups": [
		0,
		1,
		{
			"name": "group",
			"origin": [5, 14, 8],
			"color": 0,
			"children": [2, 3]
		},
		{
			"name": "base",
			"origin": [2, 1, 8],
			"color": 0,
			"children": [4, 5, 6]
		}
	]
}