{
	"format_version": "1.21.11",
	"credit": "Made with Blockbench",
	"texture_size": [128, 128],
	"textures": {
		"0": "pvz:item/grave1",
		"particle": "pvz:item/grave1"
	},
	"elements": [
		{
			"from": [3, 13, 9],
			"to": [13, 14, 12],
			"rotation": {"angle": 0, "axis": "y", "origin": [3, 13, 8]},
			"faces": {
				"north": {"uv": [9, 9.5, 14, 10], "texture": "#0"},
				"east": {"uv": [6, 11, 7.5, 11.5], "texture": "#0"},
				"south": {"uv": [9, 10, 14, 10.5], "texture": "#0"},
				"west": {"uv": [7.5, 11, 9, 11.5], "texture": "#0"},
				"up": {"uv": [14, 8, 9, 6.5], "texture": "#0"},
				"down": {"uv": [14, 8, 9, 9.5], "texture": "#0"}
			}
		},
		{
			"from": [2, 0, 9],
			"to": [14, 13, 12],
			"rotation": {"angle": 0, "axis": "y", "origin": [2, 0, 8]},
			"faces": {
				"north": {"uv": [0, 0, 6, 6.5], "texture": "#0"},
				"east": {"uv": [0, 6.5, 1.5, 13], "texture": "#0"},
				"south": {"uv": [12, 6.5, 6, 0], "texture": "#0"},
				"west": {"uv": [1.5, 6.5, 3, 13], "texture": "#0"},
				"up": {"uv": [9, 8, 3, 6.5], "texture": "#0"},
				"down": {"uv": [9, 8, 3, 9.5], "texture": "#0"}
			}
		},
		{
			"from": [5, 14, 9],
			"to": [11, 15, 12],
			"rotation": {"angle": 0, "axis": "y", "origin": [5, 14, 8]},
			"faces": {
				"north": {"uv": [9, 10.5, 12, 11], "texture": "#0"},
				"east": {"uv": [9, 11, 10.5, 11.5], "texture": "#0"},
				"south": {"uv": [3, 11, 6, 11.5], "texture": "#0"},
				"west": {"uv": [10.5, 11, 12, 11.5], "texture": "#0"},
				"up": {"uv": [6, 11, 3, 9.5], "texture": "#0"},
				"down": {"uv": [9, 9.5, 6, 11], "texture": "#0"}
			}
		}
	],
	"display": {
		"thirdperson_righthand": {
			"rotation": [62, 0, -89],
			"translation": [-5.75, 3, 2],
			"scale": [0.75, 0.75, 0.75]
		},
		"thirdperson_lefthand": {
			"rotation": [62, 0, -89],
			"translation": [-5.75, 3, 2],
			"scale": [0.75, 0.75, 0.75]
		},
		"firstperson_righthand": {
			"rotation": [9, 97, -3],
			"translation": [-2.75, 0, 0]
		},
		"firstperson_lefthand": {
			"rotation": [9, 93, -3],
			"translation": [-2.75, 0, 0]
		},
		"ground": {
			"translation": [0, 4, 0]
		},
		"gui": {
			"rotation": [9, 159, 5],
			"scale": [0.9, 0.9, 0.9]
		},
		"head": {
			"rotation": [0, 0, 12],
			"translation": [-0.75, 9.75, 0]
		},
		"fixed": {
			"translation": [0, 0, -2.5]
		},
		"on_shelf": {
			"rotation": [0, 180, 0]
		}
	},
	"groups": [
		{
			"name": "group",
			"origin": [5, 14, 8],
			"color": 0,
			"children": [0, 1, 2]
		}
	]
}