{
	"format_version": "1.21.11",
	"credit": "Made with Blockbench",
	"texture_size": [64, 64],
	"textures": {
		"0": "pvz:item/grave2",
		"particle": "pvz:item/grave2"
	},
	"elements": [
		{
			"from": [8.75, 13.1, 8],
			"to": [10, 13.6, 14],
			"rotation": {"angle": 35, "axis": "z", "origin": [7.75, 13.35, 7]},
			"faces": {
				"north": {"uv": [6.75, 10.5, 7.0625, 10.625], "texture": "#0"},
				"east": {"uv": [10, 11.5, 11.5, 11.625], "texture": "#0"},
				"south": {"uv": [0, 12.25, 0.3125, 12.375], "texture": "#0"},
				"west": {"uv": [11.5, 11.5, 13, 11.625], "texture": "#0"},
				"up": {"uv": [10.3125, 6, 10, 4.5], "texture": "#0"},
				"down": {"uv": [5.0625, 10, 4.75, 11.5], "texture": "#0"}
			}
		},
		{
			"from": [11.05, 12.55, 7.999],
			"to": [13.3, 14.55, 13.999],
			"rotation": {"x": 0, "y": -180, "z": 0, "origin": [10.05, 14.05, 11]},
			"faces": {
				"north": {"uv": [7.25, 6, 7.8125, 6.5], "texture": "#0"},
				"east": {"uv": [7.25, 1.5, 8.75, 2], "texture": "#0"},
				"south": {"uv": [0, 11, 0.5625, 11.5], "texture": "#0"},
				"west": {"uv": [8, 7, 9.5, 7.5], "texture": "#0"},
				"up": {"uv": [4.0625, 11, 3.5, 9.5], "texture": "#0"},
				"down": {"uv": [10.0625, 7, 9.5, 8.5], "texture": "#0"}
			}
		},
		{
			"from": [9.1, 13.1, 8],
			"to": [10.35, 13.6, 14],
			"rotation": {"x": 0, "y": -180, "z": -35, "origin": [8.1, 13.35, 11]},
			"faces": {
				"north": {"uv": [0.5, 12.25, 0.8125, 12.375], "texture": "#0"},
				"east": {"uv": [0, 11.75, 1.5, 11.875], "texture": "#0"},
				"south": {"uv": [1, 12.25, 1.3125, 12.375], "texture": "#0"},
				"west": {"uv": [2, 11.75, 3.5, 11.875], "texture": "#0"},
				"up": {"uv": [10.5625, 1.5, 10.25, 0], "texture": "#0"},
				"down": {"uv": [10.5625, 1.5, 10.25, 3], "texture": "#0"}
			}
		},
		{
			"from": [5.8, 13.25, 8],
			"to": [9.05, 14.25, 14],
			"rotation": {"x": 0, "y": -180, "z": 0, "origin": [4.8, 13.75, 11]},
			"faces": {
				"north": {"uv": [6, 11.5, 6.8125, 11.75], "texture": "#0"},
				"east": {"uv": [10.25, 10, 11.75, 10.25], "texture": "#0"},
				"south": {"uv": [7, 11.5, 7.8125, 11.75], "texture": "#0"},
				"west": {"uv": [10.25, 10.25, 11.75, 10.5], "texture": "#0"},
				"up": {"uv": [9.5625, 3, 8.75, 1.5], "texture": "#0"},
				"down": {"uv": [0.8125, 9, 0, 10.5], "texture": "#0"}
			}
		},
		{
			"from": [7, 11.25, 7.999],
			"to": [9.25, 12.25, 13.999],
			"rotation": {"x": 0, "y": -180, "z": -40, "origin": [6, 11.75, 11]},
			"faces": {
				"north": {"uv": [0.75, 11, 1.3125, 11.25], "texture": "#0"},
				"east": {"uv": [0, 10.5, 1.5, 10.75], "texture": "#0"},
				"south": {"uv": [3.5, 11, 4.0625, 11.25], "texture": "#0"},
				"west": {"uv": [10.5, 3, 12, 3.25], "texture": "#0"},
				"up": {"uv": [7.8125, 11, 7.25, 9.5], "texture": "#0"},
				"down": {"uv": [8.5625, 9.5, 8, 11], "texture": "#0"}
			}
		},
		{
			"from": [5.95, 12.75, 8],
			"to": [7.7, 13.25, 14],
			"rotation": {"x": 0, "y": -180, "z": 0, "origin": [4.95, 13.75, 11]},
			"faces": {
				"north": {"uv": [6.75, 3, 7.1875, 3.125], "texture": "#0"},
				"east": {"uv": [3.5, 11.75, 5, 11.875], "texture": "#0"},
				"south": {"uv": [6.75, 3.25, 7.1875, 3.375], "texture": "#0"},
				"west": {"uv": [5, 11.75, 6.5, 11.875], "texture": "#0"},
				"up": {"uv": [10.1875, 1.5, 9.75, 0], "texture": "#0"},
				"down": {"uv": [10.1875, 1.5, 9.75, 3], "texture": "#0"}
			}
		},
		{
			"from": [8, 12, 8],
			"to": [14.25, 13, 14],
			"rotation": {"x": 0, "y": -180, "z": 2.5, "origin": [8, 12.5, 11]},
			"faces": {
				"north": {"uv": [10.25, 9, 11.8125, 9.25], "texture": "#0"},
				"east": {"uv": [10.5, 3.25, 12, 3.5], "texture": "#0"},
				"south": {"uv": [10.25, 9.25, 11.8125, 9.5], "texture": "#0"},
				"west": {"uv": [10.5, 3.5, 12, 3.75], "texture": "#0"},
				"up": {"uv": [1.5625, 6.5, 0, 5], "texture": "#0"},
				"down": {"uv": [3.3125, 5, 1.75, 6.5], "texture": "#0"}
			}
		},
		{
			"from": [8, 11.5, 7.998],
			"to": [13, 12.5, 13.998],
			"rotation": {"x": 0, "y": -180, "z": 10, "origin": [8, 12, 11]},
			"faces": {
				"north": {"uv": [0, 10.75, 1.25, 11], "texture": "#0"},
				"east": {"uv": [10.5, 3.75, 12, 4], "texture": "#0"},
				"south": {"uv": [10.75, 2.25, 12, 2.5], "texture": "#0"},
				"west": {"uv": [10.5, 4, 12, 4.25], "texture": "#0"},
				"up": {"uv": [8.5, 4.5, 7.25, 3], "texture": "#0"},
				"down": {"uv": [8.5, 4.5, 7.25, 6], "texture": "#0"}
			}
		},
		{
			"from": [12.2, 13.25, 8],
			"to": [15.45, 14.25, 14],
			"rotation": {"angle": 0, "axis": "z", "origin": [11.2, 13.75, 7]},
			"faces": {
				"north": {"uv": [8, 11.5, 8.8125, 11.75], "texture": "#0"},
				"east": {"uv": [10.5, 4.25, 12, 4.5], "texture": "#0"},
				"south": {"uv": [9, 11.5, 9.8125, 11.75], "texture": "#0"},
				"west": {"uv": [10.5, 4.5, 12, 4.75], "texture": "#0"},
				"up": {"uv": [6.0625, 10.5, 5.25, 9], "texture": "#0"},
				"down": {"uv": [7.0625, 9, 6.25, 10.5], "texture": "#0"}
			}
		},
		{
			"from": [11, 11.25, 7.999],
			"to": [13.25, 12.25, 13.999],
			"rotation": {"angle": 40, "axis": "z", "origin": [10, 11.75, 7]},
			"faces": {
				"north": {"uv": [0.75, 11.25, 1.3125, 11.5], "texture": "#0"},
				"east": {"uv": [10.5, 4.75, 12, 5], "texture": "#0"},
				"south": {"uv": [3.5, 11.25, 4.0625, 11.5], "texture": "#0"},
				"west": {"uv": [10.5, 5, 12, 5.25], "texture": "#0"},
				"up": {"uv": [9.3125, 11, 8.75, 9.5], "texture": "#0"},
				"down": {"uv": [10.0625, 9.5, 9.5, 11], "texture": "#0"}
			}
		},
		{
			"from": [11.95, 12.75, 8],
			"to": [13.7, 13.25, 14],
			"rotation": {"angle": 0, "axis": "y", "origin": [10.95, 13.75, 7]},
			"faces": {
				"north": {"uv": [7.25, 9, 7.6875, 9.125], "texture": "#0"},
				"east": {"uv": [6.5, 11.75, 8, 11.875], "texture": "#0"},
				"south": {"uv": [7.25, 9.25, 7.6875, 9.375], "texture": "#0"},
				"west": {"uv": [8, 11.75, 9.5, 11.875], "texture": "#0"},
				"up": {"uv": [10.4375, 4.5, 10, 3], "texture": "#0"},
				"down": {"uv": [4.6875, 10, 4.25, 11.5], "texture": "#0"}
			}
		},
		{
			"from": [8, 12, 8],
			"to": [14.25, 13, 14],
			"rotation": {"angle": -2.5, "axis": "z", "origin": [8, 12.5, 7]},
			"faces": {
				"north": {"uv": [10.25, 9.5, 11.8125, 9.75], "texture": "#0"},
				"east": {"uv": [5.25, 10.5, 6.75, 10.75], "texture": "#0"},
				"south": {"uv": [10.25, 9.75, 11.8125, 10], "texture": "#0"},
				"west": {"uv": [10.5, 5.25, 12, 5.5], "texture": "#0"},
				"up": {"uv": [6.5625, 3.5, 5, 2], "texture": "#0"},
				"down": {"uv": [5.0625, 5, 3.5, 6.5], "texture": "#0"}
			}
		},
		{
			"from": [8, 11.5, 7.999],
			"to": [13, 12.5, 13.999],
			"rotation": {"angle": -10, "axis": "z", "origin": [8, 12, 7]},
			"faces": {
				"north": {"uv": [10.75, 2.5, 12, 2.75], "texture": "#0"},
				"east": {"uv": [10.5, 5.5, 12, 5.75], "texture": "#0"},
				"south": {"uv": [10.75, 2.75, 12, 3], "texture": "#0"},
				"west": {"uv": [10.5, 5.75, 12, 6], "texture": "#0"},
				"up": {"uv": [1.25, 9, 0, 7.5], "texture": "#0"},
				"down": {"uv": [8.75, 0, 7.5, 1.5], "texture": "#0"}
			}
		},
		{
			"from": [5.75, 10.75, 8],
			"to": [10.25, 11.5, 14],
			"rotation": {"angle": 0, "axis": "y", "origin": [-2, 13, 7]},
			"faces": {
				"north": {"uv": [3.5, 11.5, 4.625, 11.6875], "texture": "#0"},
				"east": {"uv": [2, 11, 3.5, 11.1875], "texture": "#0"},
				"south": {"uv": [4.75, 11.5, 5.875, 11.6875], "texture": "#0"},
				"west": {"uv": [5.25, 11, 6.75, 11.1875], "texture": "#0"},
				"up": {"uv": [6.375, 9, 5.25, 7.5], "texture": "#0"},
				"down": {"uv": [7.625, 7.5, 6.5, 9], "texture": "#0"}
			}
		},
		{
			"from": [6.25, 10, 8],
			"to": [9.75, 10.75, 14],
			"rotation": {"angle": 0, "axis": "y", "origin": [-1, 12, 7]},
			"faces": {
				"north": {"uv": [10, 12, 10.875, 12.1875], "texture": "#0"},
				"east": {"uv": [6.75, 11, 8.25, 11.1875], "texture": "#0"},
				"south": {"uv": [12, 10.75, 12.875, 10.9375], "texture": "#0"},
				"west": {"uv": [8.25, 11, 9.75, 11.1875], "texture": "#0"},
				"up": {"uv": [5.125, 10, 4.25, 8.5], "texture": "#0"},
				"down": {"uv": [9.625, 0, 8.75, 1.5], "texture": "#0"}
			}
		},
		{
			"from": [6.75, 9.25, 8],
			"to": [9.25, 10, 14],
			"rotation": {"angle": 0, "axis": "y", "origin": [-1, 11, 7]},
			"faces": {
				"north": {"uv": [11, 12, 11.625, 12.1875], "texture": "#0"},
				"east": {"uv": [9.75, 11, 11.25, 11.1875], "texture": "#0"},
				"south": {"uv": [11.75, 12, 12.375, 12.1875], "texture": "#0"},
				"west": {"uv": [2, 11.25, 3.5, 11.4375], "texture": "#0"},
				"up": {"uv": [2.625, 11, 2, 9.5], "texture": "#0"},
				"down": {"uv": [3.375, 9.5, 2.75, 11], "texture": "#0"}
			}
		},
		{
			"from": [7.5, 8.5, 8],
			"to": [8.5, 9.25, 14],
			"rotation": {"angle": 0, "axis": "y", "origin": [-1, 10, 7]},
			"faces": {
				"north": {"uv": [5, 4.5, 5.25, 4.6875], "texture": "#0"},
				"east": {"uv": [5.25, 11.25, 6.75, 11.4375], "texture": "#0"},
				"south": {"uv": [5, 4.75, 5.25, 4.9375], "texture": "#0"},
				"west": {"uv": [6.75, 11.25, 8.25, 11.4375], "texture": "#0"},
				"up": {"uv": [1.75, 12, 1.5, 10.5], "texture": "#0"},
				"down": {"uv": [2, 10.5, 1.75, 12], "texture": "#0"}
			}
		},
		{
			"from": [6, 11.25, 9],
			"to": [10, 12, 13],
			"rotation": {"angle": 0, "axis": "y", "origin": [-1, 15, 9]},
			"faces": {
				"north": {"uv": [9.5, 11.75, 10.5, 11.9375], "texture": "#0"},
				"east": {"uv": [11.75, 10, 12.75, 10.1875], "texture": "#0"},
				"south": {"uv": [11.75, 10.25, 12.75, 10.4375], "texture": "#0"},
				"west": {"uv": [10.5, 11.75, 11.5, 11.9375], "texture": "#0"},
				"up": {"uv": [10.25, 9.5, 9.25, 8.5], "texture": "#0"},
				"down": {"uv": [2, 9.5, 1, 10.5], "texture": "#0"}
			}
		},
		{
			"from": [5.25, 10.5, 9],
			"to": [10.75, 11.25, 13],
			"rotation": {"angle": 0, "axis": "y", "origin": [-1, 14, 9]},
			"faces": {
				"north": {"uv": [0, 11.5, 1.375, 11.6875], "texture": "#0"},
				"east": {"uv": [11.5, 11.75, 12.5, 11.9375], "texture": "#0"},
				"south": {"uv": [2, 11.5, 3.375, 11.6875], "texture": "#0"},
				"west": {"uv": [0, 12, 1, 12.1875], "texture": "#0"},
				"up": {"uv": [9.875, 6, 8.5, 5], "texture": "#0"},
				"down": {"uv": [9.125, 8.5, 7.75, 9.5], "texture": "#0"}
			}
		},
		{
			"from": [4, 9.75, 9],
			"to": [12, 10.5, 13],
			"rotation": {"angle": 0, "axis": "y", "origin": [-1, 13, 9]},
			"faces": {
				"north": {"uv": [10.25, 10.5, 12.25, 10.6875], "texture": "#0"},
				"east": {"uv": [1, 12, 2, 12.1875], "texture": "#0"},
				"south": {"uv": [10.75, 0, 12.75, 0.1875], "texture": "#0"},
				"west": {"uv": [2, 12, 3, 12.1875], "texture": "#0"},
				"up": {"uv": [7.25, 2, 5.25, 1], "texture": "#0"},
				"down": {"uv": [7.25, 4.5, 5.25, 5.5], "texture": "#0"}
			}
		},
		{
			"from": [3, 9, 9],
			"to": [13, 9.75, 13],
			"rotation": {"angle": 0, "axis": "y", "origin": [-1, 12, 9]},
			"faces": {
				"north": {"uv": [9.75, 6.5, 12.25, 6.6875], "texture": "#0"},
				"east": {"uv": [12, 2.25, 13, 2.4375], "texture": "#0"},
				"south": {"uv": [9.75, 6.75, 12.25, 6.9375], "texture": "#0"},
				"west": {"uv": [12, 2.5, 13, 2.6875], "texture": "#0"},
				"up": {"uv": [2.5, 3, 0, 2], "texture": "#0"},
				"down": {"uv": [5, 2, 2.5, 3], "texture": "#0"}
			}
		},
		{
			"from": [3.25, 8.25, 9],
			"to": [12.75, 9, 13],
			"rotation": {"angle": 0, "axis": "y", "origin": [-1, 11, 9]},
			"faces": {
				"north": {"uv": [10.25, 8, 12.625, 8.1875], "texture": "#0"},
				"east": {"uv": [12, 2.75, 13, 2.9375], "texture": "#0"},
				"south": {"uv": [10.25, 8.25, 12.625, 8.4375], "texture": "#0"},
				"west": {"uv": [3, 12, 4, 12.1875], "texture": "#0"},
				"up": {"uv": [2.375, 5, 0, 4], "texture": "#0"},
				"down": {"uv": [4.875, 4, 2.5, 5], "texture": "#0"}
			}
		},
		{
			"from": [3.5, 7.5, 9],
			"to": [12.5, 8.25, 13],
			"rotation": {"angle": 0, "axis": "y", "origin": [-2, 10, 9]},
			"faces": {
				"north": {"uv": [10.25, 8.5, 12.5, 8.6875], "texture": "#0"},
				"east": {"uv": [12, 3, 13, 3.1875], "texture": "#0"},
				"south": {"uv": [10.25, 8.75, 12.5, 8.9375], "texture": "#0"},
				"west": {"uv": [12, 3.25, 13, 3.4375], "texture": "#0"},
				"up": {"uv": [7.25, 4.5, 5, 3.5], "texture": "#0"},
				"down": {"uv": [7.5, 0, 5.25, 1], "texture": "#0"}
			}
		},
		{
			"from": [4, 6.75, 9],
			"to": [12, 7.5, 13],
			"rotation": {"angle": 0, "axis": "y", "origin": [-2, 9, 9]},
			"faces": {
				"north": {"uv": [10.75, 0.25, 12.75, 0.4375], "texture": "#0"},
				"east": {"uv": [12, 3.5, 13, 3.6875], "texture": "#0"},
				"south": {"uv": [10.75, 0.5, 12.75, 0.6875], "texture": "#0"},
				"west": {"uv": [12, 3.75, 13, 3.9375], "texture": "#0"},
				"up": {"uv": [7.25, 6.5, 5.25, 5.5], "texture": "#0"},
				"down": {"uv": [2, 6.5, 0, 7.5], "texture": "#0"}
			}
		},
		{
			"from": [4.25, 6, 9],
			"to": [11.75, 6.75, 13],
			"rotation": {"angle": 0, "axis": "y", "origin": [-1, 8, 9]},
			"faces": {
				"north": {"uv": [10.75, 1.75, 12.625, 1.9375], "texture": "#0"},
				"east": {"uv": [4, 12, 5, 12.1875], "texture": "#0"},
				"south": {"uv": [10.75, 2, 12.625, 2.1875], "texture": "#0"},
				"west": {"uv": [12, 4, 13, 4.1875], "texture": "#0"},
				"up": {"uv": [3.125, 8.5, 1.25, 7.5], "texture": "#0"},
				"down": {"uv": [5.125, 7.5, 3.25, 8.5], "texture": "#0"}
			}
		},
		{
			"from": [4.75, 5.25, 9],
			"to": [11.25, 6, 13],
			"rotation": {"angle": 0, "axis": "y", "origin": [-1, 7, 9]},
			"faces": {
				"north": {"uv": [5.25, 10.75, 6.875, 10.9375], "texture": "#0"},
				"east": {"uv": [12, 4.25, 13, 4.4375], "texture": "#0"},
				"south": {"uv": [10.25, 10.75, 11.875, 10.9375], "texture": "#0"},
				"west": {"uv": [12, 4.5, 13, 4.6875], "texture": "#0"},
				"up": {"uv": [9.375, 8.5, 7.75, 7.5], "texture": "#0"},
				"down": {"uv": [9.625, 6, 8, 7], "texture": "#0"}
			}
		},
		{
			"from": [5, 4.5, 9],
			"to": [11, 5.25, 13],
			"rotation": {"angle": 0, "axis": "y", "origin": [-1, 6, 9]},
			"faces": {
				"north": {"uv": [8.25, 11.25, 9.75, 11.4375], "texture": "#0"},
				"east": {"uv": [12, 4.75, 13, 4.9375], "texture": "#0"},
				"south": {"uv": [9.75, 11.25, 11.25, 11.4375], "texture": "#0"},
				"west": {"uv": [5, 12, 6, 12.1875], "texture": "#0"},
				"up": {"uv": [2.75, 9.5, 1.25, 8.5], "texture": "#0"},
				"down": {"uv": [4.25, 8.5, 2.75, 9.5], "texture": "#0"}
			}
		},
		{
			"from": [4, 3.75, 9],
			"to": [12, 4.5, 13],
			"rotation": {"angle": 0, "axis": "x", "origin": [-1, 5, 9]},
			"faces": {
				"north": {"uv": [10.75, 0.75, 12.75, 0.9375], "texture": "#0"},
				"east": {"uv": [12, 5, 13, 5.1875], "texture": "#0"},
				"south": {"uv": [10.75, 1, 12.75, 1.1875], "texture": "#0"},
				"west": {"uv": [12, 5.25, 13, 5.4375], "texture": "#0"},
				"up": {"uv": [4, 7.5, 2, 6.5], "texture": "#0"},
				"down": {"uv": [6, 6.5, 4, 7.5], "texture": "#0"}
			}
		},
		{
			"from": [3, 3, 9],
			"to": [13, 3.75, 13],
			"rotation": {"angle": 0, "axis": "y", "origin": [-1, 4, 9]},
			"faces": {
				"north": {"uv": [10.25, 7, 12.75, 7.1875], "texture": "#0"},
				"east": {"uv": [12, 5.5, 13, 5.6875], "texture": "#0"},
				"south": {"uv": [10.25, 7.25, 12.75, 7.4375], "texture": "#0"},
				"west": {"uv": [12, 5.75, 13, 5.9375], "texture": "#0"},
				"up": {"uv": [5.25, 1, 2.75, 0], "texture": "#0"},
				"down": {"uv": [5.25, 1, 2.75, 2], "texture": "#0"}
			}
		},
		{
			"from": [2.5, 2.25, 9],
			"to": [13.5, 3, 13],
			"rotation": {"angle": 0, "axis": "y", "origin": [-1, 3, 9]},
			"faces": {
				"north": {"uv": [9.75, 6, 12.5, 6.1875], "texture": "#0"},
				"east": {"uv": [6, 12, 7, 12.1875], "texture": "#0"},
				"south": {"uv": [9.75, 6.25, 12.5, 6.4375], "texture": "#0"},
				"west": {"uv": [7, 12, 8, 12.1875], "texture": "#0"},
				"up": {"uv": [2.75, 1, 0, 0], "texture": "#0"},
				"down": {"uv": [2.75, 1, 0, 2], "texture": "#0"}
			}
		},
		{
			"from": [3, 1.5, 9],
			"to": [13, 2.25, 13],
			"rotation": {"angle": 0, "axis": "y", "origin": [-1, 2, 9]},
			"faces": {
				"north": {"uv": [10.25, 7.5, 12.75, 7.6875], "texture": "#0"},
				"east": {"uv": [8, 12, 9, 12.1875], "texture": "#0"},
				"south": {"uv": [10.25, 7.75, 12.75, 7.9375], "texture": "#0"},
				"west": {"uv": [9, 12, 10, 12.1875], "texture": "#0"},
				"up": {"uv": [2.5, 4, 0, 3], "texture": "#0"},
				"down": {"uv": [5, 3, 2.5, 4], "texture": "#0"}
			}
		},
		{
			"from": [4, 0.75, 9],
			"to": [12, 1.5, 13],
			"rotation": {"angle": 0, "axis": "y", "origin": [-1, 1, 9]},
			"faces": {
				"north": {"uv": [10.75, 1.25, 12.75, 1.4375], "texture": "#0"},
				"east": {"uv": [12, 9, 13, 9.1875], "texture": "#0"},
				"south": {"uv": [10.75, 1.5, 12.75, 1.6875], "texture": "#0"},
				"west": {"uv": [12, 9.25, 13, 9.4375], "texture": "#0"},
				"up": {"uv": [8, 7.5, 6, 6.5], "texture": "#0"},
				"down": {"uv": [8.75, 2, 6.75, 3], "texture": "#0"}
			}
		},
		{
			"from": [5, 0, 9],
			"to": [11, 0.75, 13],
			"rotation": {"angle": 0, "axis": "y", "origin": [-1, 0, 9]},
			"faces": {
				"north": {"uv": [11.25, 11, 12.75, 11.1875], "texture": "#0"},
				"east": {"uv": [12, 9.5, 13, 9.6875], "texture": "#0"},
				"south": {"uv": [11.25, 11.25, 12.75, 11.4375], "texture": "#0"},
				"west": {"uv": [12, 9.75, 13, 9.9375], "texture": "#0"},
				"up": {"uv": [10, 4, 8.5, 3], "texture": "#0"},
				"down": {"uv": [10, 4, 8.5, 5], "texture": "#0"}
			}
		}
	],
	"display": {
		"thirdperson_righthand": {
			"rotation": [62, 0, -58],
			"translation": [-5.75, 3, 2],
			"scale": [0.75, 0.75, 0.75]
		},
		"thirdperson_lefthand": {
			"rotation": [62, 0, -58],
			"translation": [-5.75, 3, 2],
			"scale": [0.75, 0.75, 0.75]
		},
		"firstperson_righthand": {
			"rotation": [12, 124, -5]
		},
		"firstperson_lefthand": {
			"rotation": [12, 124, -5]
		},
		"ground": {
			"translation": [0, 4, 0]
		},
		"gui": {
			"rotation": [-3, 152, 0],
			"translation": [-1.75, 0, 0]
		},
		"head": {
			"translation": [0, 12.25, -2.5],
			"scale": [0.8, 0.8, 0.8]
		},
		"fixed": {
			"translation": [0, 0, -2]
		},
		"on_shelf": {
			"rotation": [0, 180, 0]
		}
	},
	"groups": [
		{
			"name": "top",
			"origin": [0, 0, 9],
			"color": 0,
			"children": [
				0,
				1,
				2,
				{
					"name": "wing",
					"origin": [8, 12, 7],
					"color": 0,
					"children": [3, 4, 5, 6, 7]
				},
				{
					"name": "wing",
					"origin": [8, 12, 7],
					"color": 0,
					"children": [8, 9, 10, 11, 12]
				},
				{
					"name": "base",
					"origin": [-1, 10, 7],
					"color": 0,
					"children": [13, 14, 15, 16]
				}
			]
		},
		{
			"name": "middle",
			"origin": [0, 0, 9],
			"color": 0,
			"children": [17, 18, 19, 20, 21, 22, 23, 24, 25, 26]
		},
		{
			"name": "base",
			"origin": [0, 0, 9],
			"color": 0,
			"children": [27, 28, 29, 30, 31, 32]
		}
	]
}