{
	"credit": "Made with Blockbench",
	"texture_size": [32, 32],
	"textures": {
		"0": "pvz:item/sunflower",
		"layer0": "pvz:item/sunflower",
		"particle": "pvz:item/sunflower"
	},
	"elements": [
		{
			"name": "leaf",
			"from": [1.75, 0.001, 5.75],
			"to": [4.75, 2.001, 11.75],
			"rotation": {"angle": 45, "axis": "y", "origin": [1.75, 0, 5.75]},
			"faces": {
				"north": {"uv": [4.5, 12.5, 6, 13.5], "texture": "#0"},
				"east": {"uv": [11.5, 3, 14.5, 4], "texture": "#0"},
				"south": {"uv": [6, 12.5, 7.5, 13.5], "texture": "#0"},
				"west": {"uv": [11.5, 4, 14.5, 5], "texture": "#0"},
				"up": {"uv": [7, 6, 5.5, 3], "texture": "#0"},
				"down": {"uv": [7, 6, 5.5, 9], "texture": "#0"}
			}
		},
		{
			"name": "leaf",
			"from": [5.75, 0.001, 8.75],
			"to": [8.75, 1.251, 12.75],
			"rotation": {"angle": -22.5, "axis": "y", "origin": [5.75, 0, 8.75]},
			"faces": {
				"north": {"uv": [14, 2.5, 15.5, 3], "texture": "#0"},
				"east": {"uv": [13.5, 0, 15.5, 0.5], "texture": "#0"},
				"south": {"uv": [3, 14, 4.5, 14.5], "texture": "#0"},
				"west": {"uv": [13.5, 0.5, 15.5, 1], "texture": "#0"},
				"up": {"uv": [13, 10, 11.5, 8], "texture": "#0"},
				"down": {"uv": [13, 10, 11.5, 12], "texture": "#0"}
			}
		},
		{
			"name": "leaf",
			"from": [7.75, 0.001, 9.75],
			"to": [10.75, 1.251, 13.75],
			"rotation": {"angle": 22.5, "axis": "y", "origin": [7.75, 0, 9.75]},
			"faces": {
				"north": {"uv": [4.5, 14, 6, 14.5], "texture": "#0"},
				"east": {"uv": [13.5, 1, 15.5, 1.5], "texture": "#0"},
				"south": {"uv": [7.5, 14, 9, 14.5], "texture": "#0"},
				"west": {"uv": [4.5, 13.5, 6.5, 14], "texture": "#0"},
				"up": {"uv": [9, 14, 7.5, 12], "texture": "#0"},
				"down": {"uv": [13, 12, 11.5, 14], "texture": "#0"}
			}
		},
		{
			"name": "leaf",
			"from": [11.75, 0.001, 3.75],
			"to": [14.75, 2.001, 9.75],
			"rotation": {"angle": -45, "axis": "y", "origin": [11.75, 0, 3.75]},
			"faces": {
				"north": {"uv": [13, 8, 14.5, 9], "texture": "#0"},
				"east": {"uv": [11.5, 6, 14.5, 7], "texture": "#0"},
				"south": {"uv": [13, 9, 14.5, 10], "texture": "#0"},
				"west": {"uv": [11.5, 7, 14.5, 8], "texture": "#0"},
				"up": {"uv": [1.5, 11, 0, 8], "texture": "#0"},
				"down": {"uv": [3, 8, 1.5, 11], "texture": "#0"}
			}
		},
		{
			"name": "leaf",
			"from": [5, 5.702, 9.35],
			"to": [8, 5.702, 11.35],
			"rotation": {"angle": 22.5, "axis": "z", "origin": [11, 3.7, 9.35]},
			"faces": {
				"north": {"uv": [11.5, 7, 14.5, 8], "texture": "#0"},
				"east": {"uv": [13, 8, 14.5, 9], "texture": "#0"},
				"south": {"uv": [11.5, 6, 14.5, 7], "texture": "#0"},
				"west": {"uv": [13, 9, 14.5, 10], "texture": "#0"},
				"up": {"uv": [1.5, 11, 0, 8], "rotation": 90, "texture": "#0"},
				"down": {"uv": [3, 8, 1.5, 11], "rotation": 270, "texture": "#0"}
			}
		},
		{
			"name": "leaf",
			"from": [8.25, 4.452, 8.35],
			"to": [11.25, 4.452, 10.35],
			"rotation": {"angle": 22.5, "axis": "x", "origin": [4.25, 2.45, 10.35]},
			"faces": {
				"north": {"uv": [11.5, 6, 14.5, 7], "texture": "#0"},
				"east": {"uv": [13, 9, 14.5, 10], "texture": "#0"},
				"south": {"uv": [11.5, 7, 14.5, 8], "texture": "#0"},
				"west": {"uv": [13, 8, 14.5, 9], "texture": "#0"},
				"up": {"uv": [1.5, 11, 0, 8], "rotation": 270, "texture": "#0"},
				"down": {"uv": [3, 8, 1.5, 11], "rotation": 90, "texture": "#0"}
			}
		},
		{
			"name": "leaf",
			"from": [6.25, 0.002, 3.75],
			"to": [9.25, 2.002, 9.75],
			"rotation": {"angle": 0, "axis": "y", "origin": [6.25, 0, 3.75]},
			"faces": {
				"north": {"uv": [10, 12.5, 11.5, 13.5], "texture": "#0"},
				"east": {"uv": [4.5, 11.5, 7.5, 12.5], "texture": "#0"},
				"south": {"uv": [3, 13, 4.5, 14], "texture": "#0"},
				"west": {"uv": [11.5, 5, 14.5, 6], "texture": "#0"},
				"up": {"uv": [8.5, 6, 7, 3], "texture": "#0"},
				"down": {"uv": [8.5, 6, 7, 9], "texture": "#0"}
			}
		},
		{
			"name": "leaf",
			"from": [7, 1.25, 8.25],
			"to": [9, 4.25, 10.25],
			"rotation": {"angle": 22.5, "axis": "x", "origin": [6, 1.25, 10.25]},
			"faces": {
				"north": {"uv": [7.5, 9, 8.5, 10.5], "texture": "#0"},
				"east": {"uv": [13, 10, 14, 11.5], "texture": "#0"},
				"south": {"uv": [13, 11.5, 14, 13], "texture": "#0"},
				"west": {"uv": [13, 13, 14, 14.5], "texture": "#0"},
				"up": {"uv": [5.5, 9, 4.5, 8], "texture": "#0"},
				"down": {"uv": [7.5, 13.5, 6.5, 14.5], "texture": "#0"}
			}
		},
		{
			"name": "leaf",
			"from": [7, 3.95, 9.35],
			"to": [9, 9.95, 11.35],
			"rotation": {"angle": 0, "axis": "x", "origin": [6, 1.95, 11.35]},
			"faces": {
				"north": {"uv": [9, 12, 10, 15], "texture": "#0"},
				"east": {"uv": [0, 12.5, 1, 15.5], "texture": "#0"},
				"south": {"uv": [1, 12.5, 2, 15.5], "texture": "#0"},
				"west": {"uv": [2, 12.5, 3, 15.5], "texture": "#0"},
				"up": {"uv": [11, 14.5, 10, 13.5], "texture": "#0"},
				"down": {"uv": [15, 1.5, 14, 2.5], "texture": "#0"}
			}
		},
		{
			"name": "flower",
			"from": [4, 6.7, 5.6],
			"to": [12, 14.7, 8.6],
			"rotation": {"angle": 22.5, "axis": "x", "origin": [7, 4.7, 7.6]},
			"faces": {
				"north": {"uv": [0, 0, 4, 4], "texture": "#0"},
				"east": {"uv": [4, 0, 5.5, 4], "texture": "#0"},
				"south": {"uv": [0, 4, 4, 8], "texture": "#0"},
				"west": {"uv": [4, 4, 5.5, 8], "texture": "#0"},
				"up": {"uv": [9.5, 1.5, 5.5, 0], "texture": "#0"},
				"down": {"uv": [9.5, 1.5, 5.5, 3], "texture": "#0"}
			}
		},
		{
			"name": "petal",
			"from": [4, 11.7, 9.6],
			"to": [7, 16.7, 9.6],
			"rotation": {"angle": 22.5, "axis": "z", "origin": [7, 9.7, 11.6]},
			"faces": {
				"north": {"uv": [3, 8, 4.5, 10.5], "texture": "#0"},
				"east": {"uv": [0, 0, 0, 2.5], "texture": "#0"},
				"south": {"uv": [8.5, 3, 10, 5.5], "texture": "#0"},
				"west": {"uv": [0, 0, 0, 2.5], "texture": "#0"},
				"up": {"uv": [1.5, 0, 0, 0], "texture": "#0"},
				"down": {"uv": [1.5, 0, 0, 0], "texture": "#0"}
			}
		},
		{
			"name": "petal",
			"from": [4, 5.7, 8.6],
			"to": [7, 10.7, 8.6],
			"rotation": {"angle": -22.5, "axis": "z", "origin": [4, 8.7, 10.6]},
			"faces": {
				"north": {"uv": [8.5, 5.5, 10, 8], "texture": "#0"},
				"east": {"uv": [0, 0, 0, 2.5], "texture": "#0"},
				"south": {"uv": [8.5, 8, 10, 10.5], "texture": "#0"},
				"west": {"uv": [0, 0, 0, 2.5], "texture": "#0"},
				"up": {"uv": [1.5, 0, 0, 0], "texture": "#0"},
				"down": {"uv": [1.5, 0, 0, 0], "texture": "#0"}
			}
		},
		{
			"name": "petal",
			"from": [9.91421, 4.40711, 8.6],
			"to": [12.91421, 9.40711, 8.6],
			"rotation": {"angle": 45, "axis": "z", "origin": [11.41421, 6.90711, 8.6]},
			"faces": {
				"north": {"uv": [9.5, 0, 11, 2.5], "texture": "#0"},
				"east": {"uv": [0, 0, 0, 2.5], "texture": "#0"},
				"south": {"uv": [10, 2.5, 11.5, 5], "texture": "#0"},
				"west": {"uv": [0, 0, 0, 2.5], "texture": "#0"},
				"up": {"uv": [1.5, 0, 0, 0], "texture": "#0"},
				"down": {"uv": [1.5, 0, 0, 0], "texture": "#0"}
			}
		},
		{
			"name": "petal",
			"from": [6.75, 4.7, 7.6],
			"to": [9.75, 9.7, 7.6],
			"rotation": {"angle": 0, "axis": "z", "origin": [6.75, 7.7, 9.6]},
			"faces": {
				"north": {"uv": [10, 5, 11.5, 7.5], "texture": "#0"},
				"east": {"uv": [0, 0, 0, 2.5], "texture": "#0"},
				"south": {"uv": [10, 7.5, 11.5, 10], "texture": "#0"},
				"west": {"uv": [0, 0, 0, 2.5], "texture": "#0"},
				"up": {"uv": [1.5, 0, 0, 0], "texture": "#0"},
				"down": {"uv": [1.5, 0, 0, 0], "texture": "#0"}
			}
		},
		{
			"name": "petal",
			"from": [6.5, 11.7, 9.6],
			"to": [9.5, 16.7, 9.6],
			"rotation": {"angle": 0, "axis": "y", "origin": [6.5, 14.7, 11.6]},
			"faces": {
				"north": {"uv": [10, 10, 11.5, 12.5], "texture": "#0"},
				"east": {"uv": [0, 0, 0, 2.5], "texture": "#0"},
				"south": {"uv": [3, 10.5, 4.5, 13], "texture": "#0"},
				"west": {"uv": [0, 0, 0, 2.5], "texture": "#0"},
				"up": {"uv": [1.5, 0, 0, 0], "texture": "#0"},
				"down": {"uv": [1.5, 0, 0, 0], "texture": "#0"}
			}
		},
		{
			"name": "petal",
			"from": [9.5, 8.7, 8.6],
			"to": [14.5, 11.7, 8.6],
			"rotation": {"angle": 0, "axis": "z", "origin": [14.5, 9.7, 10.6]},
			"faces": {
				"north": {"uv": [7.5, 10.5, 10, 12], "texture": "#0"},
				"east": {"uv": [0, 0, 0, 1.5], "texture": "#0"},
				"south": {"uv": [0, 11, 2.5, 12.5], "texture": "#0"},
				"west": {"uv": [0, 0, 0, 1.5], "texture": "#0"},
				"up": {"uv": [2.5, 0, 0, 0], "texture": "#0"},
				"down": {"uv": [2.5, 0, 0, 0], "texture": "#0"}
			}
		},
		{
			"name": "petal",
			"from": [1.5, 8.7, 8.6],
			"to": [6.5, 11.7, 8.6],
			"rotation": {"angle": 0, "axis": "z", "origin": [1.5, 6.7, 10.6]},
			"faces": {
				"north": {"uv": [11, 0, 13.5, 1.5], "texture": "#0"},
				"east": {"uv": [0, 0, 0, 1.5], "texture": "#0"},
				"south": {"uv": [11.5, 1.5, 14, 3], "texture": "#0"},
				"west": {"uv": [0, 0, 0, 1.5], "texture": "#0"},
				"up": {"uv": [2.5, 0, 0, 0], "texture": "#0"},
				"down": {"uv": [2.5, 0, 0, 0], "texture": "#0"}
			}
		},
		{
			"name": "smile",
			"from": [11.17, 10.43, 6.901],
			"to": [11.67, 11.93, 6.901],
			"rotation": {"angle": 45, "axis": "z", "origin": [12.2, 5.45, 8.9]},
			"faces": {
				"north": {"uv": [11, 1.5, 11.5, 2.5], "texture": "#0"},
				"east": {"uv": [0, 0, 0, 1], "texture": "#0"},
				"south": {"uv": [2.5, 11, 3, 12], "texture": "#0"},
				"west": {"uv": [0, 0, 0, 1], "texture": "#0"},
				"up": {"uv": [0.5, 0, 0, 0], "texture": "#0"},
				"down": {"uv": [0.5, 0, 0, 0], "texture": "#0"}
			}
		},
		{
			"name": "smile",
			"from": [10.25, 6.7, 6.9],
			"to": [11.75, 7.2, 6.9],
			"rotation": {"angle": 45, "axis": "z", "origin": [7.25, 4.7, 8.9]},
			"faces": {
				"north": {"uv": [14, 10, 15, 10.5], "texture": "#0"},
				"east": {"uv": [0, 0, 0, 0.5], "texture": "#0"},
				"south": {"uv": [14, 10.5, 15, 11], "texture": "#0"},
				"west": {"uv": [0, 0, 0, 0.5], "texture": "#0"},
				"up": {"uv": [1, 0, 0, 0], "texture": "#0"},
				"down": {"uv": [1, 0, 0, 0], "texture": "#0"}
			}
		},
		{
			"name": "flower",
			"from": [9, 10.7, 9.6],
			"to": [12, 15.7, 9.6],
			"rotation": {"angle": -22.5, "axis": "z", "origin": [12, 8.7, 11.6]},
			"faces": {
				"north": {"uv": [4.5, 9, 6, 11.5], "texture": "#0"},
				"east": {"uv": [0, 0, 0, 2.5], "texture": "#0"},
				"south": {"uv": [6, 9, 7.5, 11.5], "texture": "#0"},
				"west": {"uv": [0, 0, 0, 2.5], "texture": "#0"},
				"up": {"uv": [1.5, 0, 0, 0], "texture": "#0"},
				"down": {"uv": [1.5, 0, 0, 0], "texture": "#0"}
			}
		}
	],
	"display": {
		"thirdperson_righthand": {
			"rotation": [70, 30, 0],
			"translation": [0, 2.5, 1.25],
			"scale": [0.75, 0.75, 0.75]
		},
		"thirdperson_lefthand": {
			"rotation": [70, 30, 0],
			"translation": [0, 2.5, 1.25],
			"scale": [0.75, 0.75, 0.75]
		},
		"firstperson_righthand": {
			"rotation": [0, 120, 0]
		},
		"firstperson_lefthand": {
			"rotation": [0, 120, 0]
		},
		"ground": {
			"translation": [0, 4.25, 0]
		},
		"gui": {
			"rotation": [23, 160, 0],
			"scale": [0.9, 0.9, 0.9]
		},
		"head": {
			"translation": [0, 14, 0]
		},
		"fixed": {
			"rotation": [-8, 0, 0],
			"translation": [0, 0, -1.5]
		}
	}
}